timestamp,phase,gpu_temp_c,gpu_power_w,gpu_util_pct,cpu_temp_c,nvme_temp_c
1776359243,idle,44,3.68,0,46,40
1776359244,idle,44,3.38,0,46,40
1776359245,idle,44,3.13,0,46,40
1776359246,idle,44,3.14,0,46,40
1776359247,idle,44,3.20,0,45,40
1776359248,idle,44,3.20,0,46,40
1776359249,idle,44,3.17,0,46,40
1776359250,idle,44,3.24,0,46,40
1776359251,idle,43,3.19,0,45,40
1776359253,idle,43,3.16,0,45,40
1776359254,idle,43,3.19,0,45,40
1776359255,idle,43,3.20,0,45,40
1776359256,idle,43,3.13,0,45,40
1776359257,idle,43,3.15,0,45,40
1776359258,idle,43,3.15,0,45,40
1776359259,idle,43,3.11,0,45,40
1776359260,idle,43,3.13,0,45,40
1776359261,idle,43,3.18,0,45,40
1776359263,idle,43,3.18,0,45,40
1776359264,idle,43,3.14,0,45,40
1776359265,idle,43,3.13,0,45,40
1776359266,idle,43,3.10,0,45,40
1776359267,idle,43,3.09,0,45,40
1776359268,idle,43,3.15,0,45,40
1776359269,idle,43,3.16,0,45,40
1776359270,idle,43,3.08,0,45,40
1776359271,idle,43,3.09,0,45,40
1776359273,idle,43,3.09,0,45,40
1776359274,idle,43,3.08,0,45,40
1776359275,idle,43,3.11,0,45,40
1776359276,idle,43,3.16,0,45,40
1776359277,idle,43,3.10,0,45,40
1776359278,idle,43,3.10,0,44,40
1776359279,idle,43,3.09,0,45,40
1776359280,idle,43,3.10,0,45,40
1776359282,idle,43,3.11,0,45,40
1776359283,idle,43,3.13,0,44,40
1776359284,idle,43,3.18,0,44,40
1776359285,idle,43,3.07,0,44,40
1776359286,idle,42,3.08,0,44,40
1776359287,idle,43,3.11,0,44,40
1776359288,idle,42,3.09,0,44,40
1776359289,idle,42,3.11,0,44,40
1776359290,idle,42,3.17,0,44,40
1776359292,idle,42,3.17,0,44,40
1776359293,idle,42,3.10,0,44,40
1776359294,idle,42,3.05,0,44,40
1776359295,idle,42,3.10,0,44,40
1776359296,idle,42,3.09,0,44,40
1776359297,idle,42,3.18,0,44,40
1776359298,idle,42,3.18,0,44,40
1776359299,idle,42,3.08,0,44,40
1776359300,idle,42,3.13,0,44,40
1776359302,idle,42,3.15,0,44,40
1776359448,prefill_heavy,48,10.57,0,51,42
1776359449,prefill_heavy,48,10.55,0,50,42
1776359450,prefill_heavy,48,10.59,0,50,42
1776359451,prefill_heavy,56,53.88,0,58,42
1776359452,prefill_heavy,56,40.32,77,59,42
1776359453,prefill_heavy,56,40.87,77,60,42
1776359454,prefill_heavy,54,40.32,74,60,42
1776359456,prefill_heavy,57,41.17,78,61,42
1776359457,prefill_heavy,57,42.09,80,62,42
1776359458,prefill_heavy,56,41.51,94,62,42
1776359459,prefill_heavy,58,41.09,77,63,42
1776359460,prefill_heavy,59,41.71,80,63,42
1776359461,prefill_heavy,59,41.35,78,63,42
1776359463,prefill_heavy,57,41.63,80,63,42
1776359464,prefill_heavy,59,41.61,81,64,42
1776359465,prefill_heavy,58,40.47,95,64,42
1776359466,prefill_heavy,60,41.34,80,64,42
1776359467,prefill_heavy,60,43.56,81,65,42
1776359469,prefill_heavy,60,42.02,76,65,42
1776359470,prefill_heavy,59,42.39,76,65,42
1776359471,prefill_heavy,60,41.65,78,65,42
1776359472,prefill_heavy,61,42.88,78,66,42
1776359473,prefill_heavy,59,42.55,95,66,42
1776359474,prefill_heavy,62,42.27,75,66,42
1776359476,prefill_heavy,61,41.46,83,65,42
1776359477,prefill_heavy,62,43.32,77,66,42
1776359478,prefill_heavy,61,41.91,95,67,42
1776359479,prefill_heavy,59,43.19,77,67,42
1776359480,prefill_heavy,62,41.85,95,67,42
1776359481,prefill_heavy,61,42.83,95,67,42
1776359482,prefill_heavy,62,43.42,75,67,42
1776359484,prefill_heavy,63,42.97,77,67,42
1776359485,prefill_heavy,63,42.81,95,68,42
1776359486,prefill_heavy,62,42.15,96,67,42
1776359487,prefill_heavy,63,42.31,78,68,42
1776359488,prefill_heavy,63,43.92,95,68,42
1776359490,prefill_heavy,62,42.85,78,68,42
1776359491,prefill_heavy,63,42.43,79,68,42
1776359492,prefill_heavy,64,42.50,78,69,42
1776359493,prefill_heavy,64,43.27,77,69,42
1776359494,prefill_heavy,62,42.77,78,69,42
1776359495,prefill_heavy,64,42.13,78,69,42
1776359497,prefill_heavy,64,42.57,79,69,42
1776359498,prefill_heavy,64,40.75,77,69,42
1776359499,prefill_heavy,64,43.39,76,69,42
1776359500,prefill_heavy,65,42.91,95,69,42
1776359501,prefill_heavy,62,41.60,78,69,42
1776359502,prefill_heavy,65,42.32,77,69,42
1776359504,prefill_heavy,65,43.15,83,70,42
1776359505,prefill_heavy,65,41.97,78,70,42
1776359506,prefill_heavy,64,42.12,68,70,43
1776359507,prefill_heavy,65,43.46,82,70,43
1776359508,prefill_heavy,66,42.78,85,70,43
1776359509,prefill_heavy,66,42.04,76,71,43
1776359511,prefill_heavy,66,44.01,79,71,43
1776359512,prefill_heavy,66,43.58,92,71,43
1776359513,prefill_heavy,65,43.13,84,71,43
1776359514,prefill_heavy,66,43.01,89,71,43
1776359515,prefill_heavy,66,44.31,78,72,43
1776359517,prefill_heavy,66,44.03,81,72,43
1776359518,prefill_heavy,65,43.65,79,72,43
1776359519,prefill_heavy,65,42.71,80,72,43
1776359520,prefill_heavy,66,43.28,82,72,43
1776359521,prefill_heavy,67,43.23,79,72,43
1776359522,prefill_heavy,67,43.78,79,72,43
1776359524,prefill_heavy,67,43.30,77,72,43
1776359525,prefill_heavy,67,43.84,75,72,43
1776359526,prefill_heavy,68,42.99,95,72,43
1776359527,prefill_heavy,66,43.42,80,72,43
1776359528,prefill_heavy,68,43.27,77,73,44
1776359529,prefill_heavy,68,43.80,78,73,44
1776359531,prefill_heavy,68,43.47,82,72,44
1776359532,prefill_heavy,68,43.82,95,72,44
1776359533,prefill_heavy,68,42.79,95,72,44
1776359534,prefill_heavy,67,42.73,95,72,44
1776359535,prefill_heavy,68,44.24,79,72,44
1776359536,prefill_heavy,66,43.51,78,72,44
1776359538,prefill_heavy,68,43.62,76,73,44
1776359539,prefill_heavy,67,44.84,78,73,44
1776359540,prefill_heavy,69,44.51,95,74,44
1776359541,prefill_heavy,67,43.41,76,74,44
1776359542,prefill_heavy,68,42.85,78,74,44
1776359543,prefill_heavy,68,43.49,95,73,44
1776359545,prefill_heavy,68,43.84,78,73,44
1776359546,prefill_heavy,67,44.21,78,74,44
1776359547,prefill_heavy,66,44.20,77,74,44
1776359548,prefill_heavy,68,43.98,93,74,45
1776359549,prefill_heavy,69,43.54,92,74,45
1776359550,prefill_heavy,69,43.91,79,74,45
1776359552,prefill_heavy,67,43.42,95,74,45
1776359553,prefill_heavy,66,44.14,77,74,45
1776359554,prefill_heavy,67,45.22,74,74,45
1776359555,prefill_heavy,67,43.81,78,74,45
1776359556,prefill_heavy,70,43.88,77,75,45
1776359557,prefill_heavy,70,44.83,75,75,45
1776359559,prefill_heavy,70,44.42,78,75,45
1776359560,prefill_heavy,69,44.07,86,75,45
1776359561,prefill_heavy,68,43.38,77,74,45
1776359562,prefill_heavy,67,43.87,78,75,45
1776359563,prefill_heavy,68,44.16,95,74,45
1776359564,prefill_heavy,70,43.95,77,75,45
1776359566,prefill_heavy,69,44.54,79,75,45
1776359567,prefill_heavy,70,44.51,75,75,45
1776359568,prefill_heavy,70,44.01,87,75,46
1776359569,prefill_heavy,70,44.42,95,75,46
1776359570,prefill_heavy,70,44.43,79,75,46
1776359572,prefill_heavy,70,44.01,76,75,46
1776359573,prefill_heavy,69,43.88,76,75,46
1776359574,prefill_heavy,69,44.80,79,76,46
1776359575,prefill_heavy,69,44.44,94,76,46
1776359576,prefill_heavy,70,43.63,76,76,46
1776359577,prefill_heavy,70,44.07,75,76,46
1776359579,prefill_heavy,71,43.69,75,76,46
1776359580,prefill_heavy,69,44.02,79,76,46
1776359581,prefill_heavy,69,44.23,76,76,46
1776359582,prefill_heavy,71,44.73,80,76,46
1776359583,prefill_heavy,70,43.92,76,76,46
1776359584,prefill_heavy,71,44.90,91,76,46
1776359586,prefill_heavy,69,44.17,78,76,46
1776359587,prefill_heavy,71,45.08,87,76,46
1776359588,prefill_heavy,71,45.26,77,76,46
1776359589,prefill_heavy,69,45.18,75,77,47
1776359590,prefill_heavy,71,44.06,85,76,47
1776359591,prefill_heavy,71,44.78,76,76,47
1776359593,prefill_heavy,70,44.44,90,77,47
1776359594,prefill_heavy,71,44.68,77,77,47
1776359595,prefill_heavy,72,44.77,95,77,47
1776359596,prefill_heavy,71,45.35,79,77,47
1776359597,prefill_heavy,69,45.63,95,77,47
1776359598,prefill_heavy,71,45.10,95,77,47
1776359600,prefill_heavy,72,43.98,77,77,47
1776359601,prefill_heavy,70,45.59,76,77,47
1776359602,prefill_heavy,72,45.03,95,77,47
1776359603,prefill_heavy,72,45.08,79,77,47
1776359604,prefill_heavy,72,44.92,75,77,47
1776359605,prefill_heavy,70,45.19,95,77,47
1776359607,prefill_heavy,72,45.54,95,78,47
1776359608,prefill_heavy,71,44.73,79,77,47
1776359609,prefill_heavy,71,44.59,86,77,47
1776359610,prefill_heavy,70,44.90,79,77,48
1776359611,prefill_heavy,72,46.42,78,78,48
1776359613,prefill_heavy,72,43.13,93,77,48
1776359614,prefill_heavy,72,45.74,75,78,48
1776359615,prefill_heavy,70,44.99,82,77,48
1776359616,prefill_heavy,71,44.22,82,77,48
1776359617,prefill_heavy,72,45.87,91,78,48
1776359618,prefill_heavy,73,44.82,79,78,48
1776359620,prefill_heavy,72,45.54,78,78,48
1776359621,prefill_heavy,71,45.59,81,77,48
1776359622,prefill_heavy,73,45.76,95,78,48
1776359623,prefill_heavy,72,45.85,76,78,48
1776359624,prefill_heavy,71,44.57,95,78,48
1776359625,prefill_heavy,72,43.85,78,78,48
1776359627,prefill_heavy,71,45.47,95,78,48
1776359628,prefill_heavy,71,45.74,88,78,48
1776359629,prefill_heavy,72,45.26,76,78,48
1776359630,prefill_heavy,71,45.52,81,78,48
1776359631,prefill_heavy,73,45.33,79,79,48
1776359632,prefill_heavy,73,45.05,91,78,48
1776359634,prefill_heavy,71,44.47,88,78,49
1776359635,prefill_heavy,72,45.39,79,78,49
1776359636,prefill_heavy,73,46.37,95,79,49
1776359637,prefill_heavy,73,45.39,78,79,49
1776359638,prefill_heavy,72,44.45,78,78,49
1776359640,prefill_heavy,73,45.00,77,78,49
1776359641,prefill_heavy,73,45.13,95,78,49
1776359642,prefill_heavy,73,44.63,77,78,49
1776359643,prefill_heavy,71,44.10,82,79,49
1776359644,prefill_heavy,72,45.31,77,79,49
1776359645,prefill_heavy,74,45.96,78,79,49
1776359647,prefill_heavy,71,44.84,77,79,49
1776359648,prefill_heavy,73,45.14,95,79,49
1776359649,prefill_heavy,73,46.22,79,79,49
1776359650,prefill_heavy,73,44.46,78,79,49
1776359651,prefill_heavy,73,43.81,86,79,49
1776359652,prefill_heavy,72,44.50,77,79,49
1776359654,prefill_heavy,73,45.65,78,79,49
1776359655,prefill_heavy,72,45.30,79,78,49
1776359656,prefill_heavy,73,44.80,91,79,49
1776359657,prefill_heavy,74,44.80,77,79,49
1776359658,prefill_heavy,71,43.99,78,79,50
1776359659,prefill_heavy,74,44.17,95,79,50
1776359661,prefill_heavy,73,45.44,95,79,50
1776359662,prefill_heavy,74,44.09,94,79,50
1776359663,prefill_heavy,73,45.05,76,79,50
1776359664,prefill_heavy,73,45.19,79,79,50
1776359665,prefill_heavy,74,44.90,79,79,50
1776359667,prefill_heavy,72,44.85,95,79,50
1776359668,prefill_heavy,72,46.18,78,79,50
1776359669,prefill_heavy,74,45.00,94,79,50
1776359670,prefill_heavy,72,45.20,76,79,50
1776359671,prefill_heavy,72,44.97,80,80,50
1776359672,prefill_heavy,74,46.53,78,80,50
1776359674,prefill_heavy,74,45.34,78,79,50
1776359675,prefill_heavy,74,45.51,93,80,50
1776359676,prefill_heavy,74,46.60,79,80,50
1776359677,prefill_heavy,74,44.21,95,80,50
1776359678,prefill_heavy,74,45.00,77,80,50
1776359679,prefill_heavy,72,45.51,88,79,50
1776359681,prefill_heavy,74,45.88,78,79,50
1776359682,prefill_heavy,74,45.29,95,79,50
1776359683,prefill_heavy,74,46.14,79,80,50
1776359684,prefill_heavy,74,46.03,95,79,50
1776359685,prefill_heavy,74,44.68,77,79,50
1776359687,prefill_heavy,73,44.50,95,79,50
1776359688,prefill_heavy,74,45.11,78,79,50
1776359689,prefill_heavy,72,45.53,80,79,51
1776359690,prefill_heavy,72,45.78,89,79,51
1776359691,prefill_heavy,73,46.35,77,79,51
1776359692,prefill_heavy,70,44.35,86,79,51
1776359694,prefill_heavy,73,44.29,95,79,51
1776359695,prefill_heavy,73,44.81,77,79,51
1776359696,prefill_heavy,72,43.13,95,78,51
1776359697,prefill_heavy,72,44.02,95,78,51
1776359698,prefill_heavy,73,45.23,76,78,51
1776359699,prefill_heavy,71,45.15,77,78,51
1776359701,prefill_heavy,72,43.97,88,78,51
1776359702,prefill_heavy,73,46.62,77,78,51
1776359703,prefill_heavy,72,44.23,95,78,51
1776359704,prefill_heavy,73,43.81,77,78,51
1776359705,prefill_heavy,73,46.21,95,78,51
1776359706,prefill_heavy,73,45.62,86,78,51
1776359708,prefill_heavy,71,43.85,78,78,51
1776359709,prefill_heavy,72,45.18,77,78,51
1776359710,prefill_heavy,72,44.11,94,77,51
1776359711,prefill_heavy,72,45.30,77,78,51
1776359712,prefill_heavy,71,44.96,86,78,51
1776359713,prefill_heavy,73,43.03,77,77,51
1776359715,prefill_heavy,72,45.62,75,78,51
1776359716,prefill_heavy,72,44.05,78,78,51
1776359717,prefill_heavy,72,44.27,94,77,51
1776359718,prefill_heavy,71,45.38,78,78,51
1776359719,prefill_heavy,71,45.59,95,78,51
1776359720,prefill_heavy,71,43.79,79,77,51
1776359722,prefill_heavy,71,44.09,95,78,51
1776359723,prefill_heavy,72,45.60,77,78,51
1776359724,prefill_heavy,72,45.24,95,78,51
1776359725,prefill_heavy,72,45.74,78,78,51
1776359726,prefill_heavy,70,44.74,79,78,51
1776359727,prefill_heavy,71,45.86,95,77,51
1776359729,prefill_heavy,71,43.17,77,77,51
1776359730,prefill_heavy,70,43.39,75,77,51
1776359731,prefill_heavy,70,44.05,79,77,51
1776359732,prefill_heavy,70,43.19,78,77,51
1776359733,prefill_heavy,70,44.07,79,77,51
1776359734,prefill_heavy,72,43.10,85,77,51
1776359736,prefill_heavy,72,44.79,77,77,51
1776359737,prefill_heavy,69,44.80,79,77,51
1776359738,prefill_heavy,70,45.44,91,77,51
1776359739,prefill_heavy,72,46.01,77,78,51
1776359740,prefill_heavy,70,43.63,86,77,52
1776359741,prefill_heavy,71,45.04,76,77,52
1776359743,prefill_heavy,72,46.44,95,77,52
1776359744,prefill_heavy,72,44.86,78,78,52
1776359745,prefill_heavy,70,43.74,95,77,52
1776359746,prefill_heavy,72,44.69,80,77,52
1776359747,prefill_heavy,72,46.11,81,77,52
1776359749,prefill_heavy,70,45.21,78,78,52
1776359750,prefill_heavy,72,44.41,95,78,52
1776359751,prefill_heavy,70,45.40,79,78,52
1776359752,prefill_heavy,70,45.27,95,78,52
1776359753,prefill_heavy,72,45.75,95,77,52
1776359754,prefill_heavy,71,46.00,78,78,52
1776359756,prefill_heavy,72,46.36,95,77,52
1776359757,prefill_heavy,71,45.57,75,78,52
1776359758,prefill_heavy,69,45.88,95,77,52
1776359759,prefill_heavy,72,45.79,79,77,52
1776359760,prefill_heavy,72,43.66,95,77,52
1776359762,prefill_heavy,72,45.56,77,77,52
1776359763,prefill_heavy,70,44.42,77,77,52
1776359764,prefill_heavy,72,44.34,76,77,52
1776359765,prefill_heavy,71,44.16,91,77,52
1776359766,prefill_heavy,72,43.53,80,77,52
1776359767,prefill_heavy,71,44.25,87,77,52
1776359769,prefill_heavy,71,45.85,80,77,52
1776359770,prefill_heavy,72,44.52,95,77,52
1776359771,prefill_heavy,70,44.54,95,77,52
1776359772,prefill_heavy,71,46.04,95,77,52
1776359773,prefill_heavy,71,45.46,80,77,52
1776359774,prefill_heavy,69,46.09,75,77,52
1776359776,prefill_heavy,71,45.24,89,78,52
1776359777,prefill_heavy,71,44.74,82,77,52
1776359778,prefill_heavy,72,44.05,74,77,52
1776359779,prefill_heavy,70,45.17,76,78,52
1776359780,prefill_heavy,69,45.65,80,77,52
1776359782,prefill_heavy,70,44.48,68,77,52
1776359783,prefill_heavy,72,45.54,90,77,52
1776359784,prefill_heavy,72,45.56,79,77,52
1776359785,prefill_heavy,72,44.83,82,77,52
1776359786,prefill_heavy,70,44.46,89,77,52
1776359787,prefill_heavy,72,43.65,78,76,52
1776359788,prefill_heavy,71,44.05,75,76,52
1776359790,prefill_heavy,69,44.58,77,77,52
1776359791,prefill_heavy,72,46.16,95,77,52
1776359792,prefill_heavy,71,44.50,75,77,52
1776359793,prefill_heavy,71,43.81,95,77,52
1776359794,prefill_heavy,72,45.94,76,77,52
1776359795,prefill_heavy,71,44.53,94,77,52
1776359797,prefill_heavy,72,45.28,76,77,52
1776359798,prefill_heavy,70,44.71,86,77,52
1776359799,prefill_heavy,70,44.37,76,77,52
1776359800,prefill_heavy,72,45.72,88,77,52
1776359801,prefill_heavy,68,43.40,80,77,52
1776359803,prefill_heavy,72,44.60,91,77,52
1776359804,prefill_heavy,71,44.23,77,77,52
1776359805,prefill_heavy,71,43.56,74,76,52
1776359806,prefill_heavy,72,45.39,75,77,52
1776359807,prefill_heavy,71,44.86,89,77,52
1776359808,prefill_heavy,72,45.65,81,77,52
1776359809,prefill_heavy,72,46.20,77,77,52
1776359811,prefill_heavy,70,45.15,78,77,52
1776359812,prefill_heavy,72,45.07,76,77,52
1776359813,prefill_heavy,70,43.66,76,77,52
1776359814,prefill_heavy,72,44.25,84,77,52
1776359815,prefill_heavy,71,44.36,76,77,52
1776359817,prefill_heavy,69,44.05,78,77,52
1776359818,prefill_heavy,72,44.22,89,76,52
1776359819,prefill_heavy,71,44.20,78,76,52
1776359820,prefill_heavy,71,44.40,78,77,52
1776359821,prefill_heavy,69,44.48,95,77,52
1776359822,prefill_heavy,70,43.56,95,77,52
1776359824,prefill_heavy,71,44.97,78,77,52
1776359825,prefill_heavy,72,45.30,90,77,52
1776359826,prefill_heavy,71,43.72,92,77,52
1776359827,prefill_heavy,72,44.51,78,77,52
1776359828,prefill_heavy,70,43.52,78,76,52
1776359829,prefill_heavy,70,45.01,77,76,52
1776359831,prefill_heavy,70,43.95,95,77,52
1776359832,prefill_heavy,72,45.35,95,77,52
1776359833,prefill_heavy,70,44.63,79,77,52
1776359834,prefill_heavy,71,45.30,94,76,52
1776359835,prefill_heavy,70,43.46,79,76,52
1776359837,prefill_heavy,71,43.45,78,77,52
1776359838,prefill_heavy,72,44.65,94,77,52
1776359839,prefill_heavy,71,44.35,77,77,52
1776359840,prefill_heavy,71,44.58,77,77,52
1776359841,prefill_heavy,71,44.32,96,77,52
1776359842,prefill_heavy,70,44.43,80,77,52
1776359844,prefill_heavy,69,44.04,76,76,52
1776359845,prefill_heavy,71,44.72,76,76,52
1776359846,prefill_heavy,71,44.68,79,76,52
1776359847,prefill_heavy,69,43.65,67,76,52
1776359848,prefill_heavy,70,44.52,78,76,52
1776359849,prefill_heavy,72,44.58,93,77,52
1776359851,prefill_heavy,71,44.89,95,77,52
1776359852,prefill_heavy,71,44.44,77,76,52
1776359853,prefill_heavy,69,45.15,95,77,52
1776359854,prefill_heavy,69,44.24,78,76,52
1776359855,prefill_heavy,72,46.02,82,77,52
1776359856,prefill_heavy,70,43.83,88,77,52
1776359858,prefill_heavy,72,44.56,75,77,52
1776359859,prefill_heavy,71,43.98,95,77,52
1776359860,prefill_heavy,71,45.49,76,77,52
1776359861,prefill_heavy,70,43.85,95,77,52
1776359862,prefill_heavy,71,44.54,90,77,52
1776359863,prefill_heavy,72,45.26,95,77,52
1776359865,prefill_heavy,71,45.30,79,77,52
1776359866,prefill_heavy,71,44.85,79,77,52
1776359867,prefill_heavy,71,44.75,75,77,52
1776359868,prefill_heavy,72,44.96,78,77,52
1776359869,prefill_heavy,70,45.06,95,77,52
1776359870,prefill_heavy,71,44.81,94,77,52
1776359872,prefill_heavy,71,44.78,77,76,52
1776359873,prefill_heavy,70,45.07,79,77,52
1776359874,prefill_heavy,71,43.43,79,77,52
1776359875,prefill_heavy,70,44.74,80,77,52
1776359876,prefill_heavy,68,43.87,79,76,52
1776359878,prefill_heavy,71,43.92,78,76,52
1776359879,prefill_heavy,70,44.54,87,76,52
1776359880,prefill_heavy,70,44.53,78,76,52
1776359881,prefill_heavy,72,44.42,81,76,52
1776359882,prefill_heavy,71,43.76,79,76,52
1776359883,prefill_heavy,71,43.34,78,76,52
1776359885,prefill_heavy,71,43.84,95,76,52
1776359886,prefill_heavy,71,44.90,95,76,52
1776359887,prefill_heavy,70,44.01,78,76,52
1776359888,prefill_heavy,71,44.49,80,76,52
1776359889,prefill_heavy,71,43.86,77,77,52
1776359891,prefill_heavy,68,44.49,94,76,52
1776359892,prefill_heavy,70,44.52,95,76,52
1776359893,prefill_heavy,71,42.93,95,76,52
1776359894,prefill_heavy,70,45.37,77,76,52
1776359895,prefill_heavy,71,46.28,84,77,52
1776359896,prefill_heavy,71,44.17,77,76,52
1776359898,prefill_heavy,71,45.47,78,76,52
1776359899,prefill_heavy,72,44.58,83,77,52
1776359900,prefill_heavy,70,43.94,95,77,52
1776359901,prefill_heavy,70,44.82,80,77,52
1776359902,prefill_heavy,71,44.91,81,77,52
1776359903,prefill_heavy,71,44.51,76,76,52
1776359905,prefill_heavy,70,44.74,77,77,52
1776359906,prefill_heavy,72,44.38,82,76,52
1776359907,prefill_heavy,71,45.14,95,77,52
1776359908,prefill_heavy,70,43.91,79,77,52
1776359909,prefill_heavy,71,43.64,86,77,52
1776359910,prefill_heavy,71,45.50,77,77,52
1776359912,prefill_heavy,70,45.74,92,77,52
1776359913,prefill_heavy,70,44.94,79,77,52
1776359914,prefill_heavy,71,44.54,76,77,52
1776359915,prefill_heavy,72,45.20,95,77,52
1776359916,prefill_heavy,70,44.92,77,77,52
1776359918,prefill_heavy,70,43.72,78,77,52
1776359919,prefill_heavy,71,44.06,78,76,52
1776359920,prefill_heavy,71,44.80,78,77,52
1776359921,prefill_heavy,70,42.81,77,76,52
1776359922,prefill_heavy,71,44.16,77,76,52
1776359923,prefill_heavy,72,44.68,95,76,52
1776359925,prefill_heavy,71,44.52,95,76,52
1776359926,prefill_heavy,72,44.31,78,76,52
1776359927,prefill_heavy,69,44.71,77,77,52
1776359928,prefill_heavy,69,44.43,78,77,52
1776359929,prefill_heavy,71,43.79,76,76,52
1776359930,prefill_heavy,71,44.14,74,76,52
1776359932,prefill_heavy,71,44.28,95,77,52
1776359933,prefill_heavy,70,43.99,95,76,52
1776359934,prefill_heavy,71,44.48,77,76,52
1776359935,prefill_heavy,71,45.40,79,77,52
1776359936,prefill_heavy,71,45.53,77,77,52
1776359937,prefill_heavy,71,43.80,77,77,52
1776359939,prefill_heavy,69,45.48,95,77,52
1776359940,prefill_heavy,72,44.56,77,76,52
1776359941,prefill_heavy,70,45.33,80,77,52
1776359942,prefill_heavy,68,45.09,78,76,52
1776359943,prefill_heavy,68,43.30,74,76,52
1776359944,prefill_heavy,70,44.75,77,77,52
1776359946,prefill_heavy,71,42.94,79,76,52
1776359947,prefill_heavy,69,44.31,93,76,52
1776359948,prefill_heavy,71,44.42,72,77,52
1776359949,prefill_heavy,71,45.08,95,77,52
1776359950,prefill_heavy,71,44.15,76,76,52
1776359951,prefill_heavy,70,44.27,95,76,52
1776359953,prefill_heavy,70,45.23,95,77,52
1776359954,prefill_heavy,71,43.63,78,76,52
1776359955,prefill_heavy,71,44.43,78,76,52
1776359956,prefill_heavy,69,44.30,78,76,52
1776359957,prefill_heavy,71,44.54,82,76,52
1776359958,prefill_heavy,69,44.23,77,76,52
1776359960,prefill_heavy,71,43.99,95,76,52
1776359961,prefill_heavy,71,45.17,89,76,52
1776359962,prefill_heavy,69,43.72,76,76,52
1776359963,prefill_heavy,71,45.09,95,77,52
1776359964,prefill_heavy,69,43.95,78,76,52
1776359965,prefill_heavy,70,44.41,95,76,52
1776359967,prefill_heavy,71,44.83,79,76,52
1776359968,prefill_heavy,70,42.62,82,76,52
1776359969,prefill_heavy,68,45.09,79,77,52
1776359970,prefill_heavy,70,44.71,80,77,52
1776359971,prefill_heavy,69,44.14,75,76,52
1776359972,prefill_heavy,71,45.38,87,76,52
1776359974,prefill_heavy,71,43.49,76,76,52
1776359975,prefill_heavy,68,45.01,95,76,52
1776359976,prefill_heavy,71,45.88,89,77,52
1776359977,prefill_heavy,71,44.51,78,77,52
1776359978,prefill_heavy,71,44.64,76,76,52
1776359979,prefill_heavy,70,44.44,95,77,52
1776359981,prefill_heavy,71,45.46,77,76,52
1776359982,prefill_heavy,70,43.89,92,76,52
1776359983,prefill_heavy,70,44.35,78,76,52
1776359984,prefill_heavy,68,44.93,79,76,52
1776359985,prefill_heavy,71,44.36,90,76,52
1776359987,prefill_heavy,71,44.59,77,76,52
1776359988,prefill_heavy,69,44.83,95,77,52
1776359989,prefill_heavy,71,44.21,95,77,52
1776359990,prefill_heavy,70,44.25,78,76,52
1776359991,prefill_heavy,71,45.01,95,76,52
1776359992,prefill_heavy,71,43.92,77,76,52
1776359994,prefill_heavy,69,43.25,95,76,52
1776359995,prefill_heavy,71,43.58,79,76,52
1776359996,prefill_heavy,71,44.51,88,76,52
1776359997,prefill_heavy,68,44.41,77,76,52
1776359998,prefill_heavy,71,45.46,95,76,52
1776359999,prefill_heavy,71,43.89,77,76,52
1776360001,prefill_heavy,69,43.86,95,76,52
1776360002,prefill_heavy,71,44.48,80,76,52
1776360003,prefill_heavy,71,43.62,77,77,52
1776360004,prefill_heavy,70,43.68,77,76,52
1776360005,prefill_heavy,70,45.34,76,76,52
1776360007,prefill_heavy,71,44.75,76,76,52
1776360008,prefill_heavy,70,45.49,95,77,52
1776360009,prefill_heavy,71,43.68,95,76,52
1776360010,prefill_heavy,71,45.08,78,77,52
1776360011,prefill_heavy,71,44.71,92,76,52
1776360012,prefill_heavy,71,44.87,76,77,52
1776360014,prefill_heavy,71,44.95,76,77,52
1776360015,prefill_heavy,71,45.92,77,77,52
1776360016,prefill_heavy,71,45.31,95,77,52
1776360017,prefill_heavy,70,43.53,95,77,52
1776360018,prefill_heavy,71,44.60,85,76,52
1776360019,prefill_heavy,71,43.35,79,76,52
1776360021,prefill_heavy,68,44.62,95,76,52
1776360022,prefill_heavy,71,45.31,78,76,52
1776360023,prefill_heavy,70,44.16,77,77,52
1776360024,prefill_heavy,71,44.78,84,76,52
1776360025,prefill_heavy,70,45.58,81,77,52
1776360026,prefill_heavy,71,44.39,76,76,52
1776360028,prefill_heavy,69,43.45,95,76,52
1776360029,prefill_heavy,71,43.94,76,76,52
1776360030,prefill_heavy,70,45.20,79,76,52
1776360031,prefill_heavy,71,43.93,84,76,52
1776360032,prefill_heavy,71,45.02,77,77,52
1776360034,prefill_heavy,69,44.37,77,76,52
1776360035,prefill_heavy,69,44.21,71,76,52
1776360036,prefill_heavy,71,44.20,77,76,52
1776360037,prefill_heavy,70,44.37,75,76,52
1776360038,prefill_heavy,71,44.93,77,77,52
1776360039,prefill_heavy,71,44.46,87,77,52
1776360041,prefill_heavy,71,44.12,78,77,52
1776360042,prefill_heavy,69,42.89,95,76,52
1776360043,prefill_heavy,70,44.64,76,76,52
1776360044,prefill_heavy,69,43.12,78,76,52
1776360045,prefill_heavy,71,45.41,95,76,52
1776360046,prefill_heavy,71,43.91,89,77,52
1776360048,cooldown_1,70,43.83,75,76,52
1776360049,cooldown_1,64,13.43,0,71,52
1776360050,cooldown_1,63,13.17,0,68,52
1776360051,cooldown_1,63,13.00,0,67,52
1776360052,cooldown_1,62,13.00,0,66,52
1776360053,cooldown_1,61,12.92,0,65,52
1776360054,cooldown_1,61,12.80,0,65,52
1776360055,cooldown_1,61,12.73,0,64,52
1776360056,cooldown_1,60,12.74,0,64,52
1776360057,cooldown_1,60,12.52,0,63,52
1776360059,cooldown_1,59,12.50,0,63,52
1776360060,cooldown_1,59,12.36,0,63,52
1776360061,cooldown_1,59,12.28,0,62,52
1776360062,cooldown_1,59,12.21,0,62,52
1776360063,cooldown_1,58,12.14,0,62,52
1776360064,cooldown_1,58,12.17,0,61,52
1776360065,cooldown_1,58,12.05,0,61,52
1776360066,cooldown_1,57,12.00,0,61,52
1776360067,cooldown_1,57,11.98,0,60,52
1776360068,cooldown_1,57,11.99,0,60,52
1776360070,cooldown_1,57,11.91,0,60,52
1776360071,cooldown_1,57,11.88,0,60,52
1776360072,cooldown_1,56,11.84,0,59,52
1776360073,cooldown_1,56,11.83,0,59,52
1776360074,cooldown_1,56,11.84,0,59,51
1776360075,cooldown_1,56,11.77,0,59,51
1776360076,cooldown_1,55,11.78,0,58,51
1776360077,cooldown_1,55,11.80,0,58,51
1776360078,cooldown_1,55,11.75,0,58,51
1776360080,cooldown_1,55,11.72,0,58,51
1776360081,cooldown_1,55,11.70,0,58,51
1776360082,cooldown_1,55,11.60,0,57,51
1776360083,cooldown_1,54,11.60,0,57,51
1776360084,cooldown_1,54,11.58,0,57,51
1776360085,cooldown_1,54,11.57,0,57,51
1776360086,cooldown_1,54,11.55,0,57,51
1776360087,cooldown_1,54,11.55,0,57,51
1776360088,cooldown_1,54,11.52,0,56,51
1776360089,cooldown_1,53,11.51,0,56,51
1776360091,cooldown_1,53,11.42,0,56,51
1776360092,cooldown_1,53,11.32,0,56,51
1776360093,cooldown_1,53,11.34,0,56,51
1776360094,cooldown_1,53,11.32,0,56,51
1776360095,cooldown_1,53,11.27,0,55,51
1776360096,cooldown_1,53,11.26,0,55,51
1776360097,cooldown_1,52,11.21,0,55,51
1776360098,cooldown_1,52,11.23,0,55,51
1776360099,cooldown_1,52,11.16,0,55,51
1776360101,cooldown_1,52,11.15,0,55,51
1776360102,cooldown_1,52,11.12,0,55,51
1776360103,cooldown_1,52,11.14,0,55,51
1776360104,cooldown_1,52,11.09,0,54,50
1776360105,cooldown_1,52,11.11,0,54,50
1776360106,cooldown_1,52,11.11,0,54,50
1776360107,cooldown_1,51,11.09,0,54,50
1776360108,equal,51,11.37,0,55,50
1776360109,equal,56,34.64,96,58,50
1776360111,equal,57,34.74,96,60,50
1776360112,equal,57,34.96,96,61,50
1776360113,equal,58,35.04,96,62,50
1776360114,equal,58,34.71,83,62,50
1776360115,equal,58,35.05,95,62,50
1776360116,equal,59,35.12,96,62,50
1776360118,equal,59,35.29,96,64,50
1776360119,equal,59,35.53,96,65,50
1776360120,equal,59,35.42,96,66,50
1776360121,equal,60,35.39,96,66,50
1776360122,equal,60,35.38,95,64,50
1776360124,equal,60,35.50,96,64,50
1776360125,equal,60,35.57,96,64,50
1776360126,equal,60,35.67,96,64,50
1776360127,equal,60,35.71,96,64,49
1776360128,equal,61,35.70,96,65,49
1776360129,equal,61,35.68,96,65,49
1776360131,equal,61,35.73,96,65,49
1776360132,equal,61,35.79,96,65,49
1776360133,equal,61,35.81,96,65,49
1776360134,equal,61,35.81,96,65,49
1776360135,equal,61,35.87,96,66,49
1776360137,equal,62,35.95,96,66,49
1776360138,equal,62,35.93,96,66,49
1776360139,equal,62,35.77,96,66,49
1776360140,equal,62,35.98,96,66,49
1776360141,equal,62,35.98,96,66,49
1776360142,equal,62,36.12,96,66,49
1776360144,equal,62,35.99,96,66,49
1776360145,equal,62,36.35,96,66,49
1776360146,equal,62,36.04,96,67,49
1776360147,equal,62,36.06,96,67,49
1776360148,equal,63,36.18,96,67,49
1776360150,equal,63,36.19,96,67,49
1776360151,equal,63,36.17,96,67,49
1776360152,equal,63,36.15,96,67,49
1776360153,equal,63,36.16,96,67,49
1776360154,equal,63,36.12,96,67,49
1776360156,equal,63,36.11,96,67,49
1776360157,equal,63,36.25,96,67,49
1776360158,equal,63,36.22,96,68,49
1776360159,equal,63,36.15,95,67,49
1776360160,equal,63,36.38,96,68,49
1776360162,equal,63,36.26,96,69,49
1776360163,equal,63,36.29,96,69,49
1776360164,equal,63,36.22,96,69,49
1776360165,equal,63,36.14,93,70,49
1776360166,equal,64,36.24,95,68,49
1776360167,equal,64,36.32,96,69,48
1776360169,equal,64,36.22,96,68,48
1776360170,equal,64,36.33,90,68,48
1776360171,equal,64,36.39,96,69,48
1776360172,equal,64,36.29,96,69,48
1776360173,equal,64,36.29,96,68,48
1776360174,equal,64,36.25,95,68,48
1776360176,equal,64,36.63,96,68,48
1776360177,equal,64,36.24,96,68,48
1776360178,equal,64,36.27,96,68,48
1776360179,equal,64,36.28,95,68,48
1776360180,equal,64,36.32,96,68,48
1776360181,equal,64,36.29,96,68,48
1776360183,equal,64,36.28,96,68,48
1776360184,equal,64,36.30,96,68,48
1776360185,equal,64,36.25,95,68,48
1776360186,equal,64,36.22,96,69,48
1776360187,equal,64,36.32,96,69,48
1776360188,equal,64,36.35,96,69,48
1776360190,equal,64,36.34,96,69,48
1776360191,equal,64,36.22,96,69,48
1776360192,equal,64,36.41,96,69,48
1776360193,equal,64,36.43,96,69,48
1776360194,equal,64,36.44,96,69,48
1776360196,equal,64,36.60,96,69,48
1776360197,equal,64,36.43,96,69,48
1776360198,equal,65,36.44,96,69,48
1776360199,equal,65,36.45,96,69,48
1776360200,equal,65,36.32,96,69,48
1776360201,equal,65,36.37,96,69,48
1776360203,equal,65,36.44,96,69,48
1776360204,equal,65,36.47,96,69,48
1776360205,equal,65,36.49,96,69,48
1776360206,equal,65,36.60,96,69,48
1776360207,equal,65,36.55,96,69,48
1776360208,equal,65,36.51,96,69,48
1776360210,equal,65,36.60,96,71,48
1776360211,equal,65,36.56,95,72,48
1776360212,equal,65,36.57,96,72,48
1776360213,equal,65,36.58,96,72,48
1776360214,equal,65,36.53,96,72,48
1776360215,equal,65,36.18,81,69,48
1776360217,equal,65,36.50,96,69,48
1776360218,equal,65,36.64,96,69,48
1776360219,equal,65,36.59,96,69,48
1776360220,equal,65,36.51,96,69,48
1776360221,equal,65,36.61,96,69,48
1776360223,equal,65,36.59,96,69,49
1776360224,equal,65,36.67,96,69,49
1776360225,equal,65,36.64,96,69,49
1776360226,equal,65,36.49,96,69,49
1776360227,equal,65,36.53,96,69,49
1776360228,equal,65,36.61,96,69,49
1776360230,equal,65,36.63,96,69,49
1776360231,equal,65,36.58,96,70,49
1776360232,equal,65,36.51,96,70,49
1776360233,equal,65,36.55,96,70,49
1776360234,equal,65,36.60,96,70,49
1776360236,equal,65,36.68,96,70,49
1776360237,equal,65,36.75,96,70,49
1776360238,equal,65,36.67,96,70,49
1776360239,equal,65,36.61,96,70,49
1776360240,equal,65,36.72,96,70,49
1776360242,equal,65,36.54,96,70,49
1776360243,equal,65,36.69,96,70,49
1776360244,equal,65,36.68,96,70,49
1776360245,equal,65,36.70,96,70,49
1776360246,equal,65,36.62,96,70,49
1776360247,equal,65,36.68,96,70,49
1776360249,equal,65,36.69,96,70,49
1776360250,equal,65,36.70,96,70,49
1776360251,equal,65,36.72,96,70,49
1776360252,equal,65,36.69,96,70,49
1776360253,equal,65,36.68,96,70,49
1776360255,equal,65,36.67,96,70,49
1776360256,equal,65,36.69,96,70,49
1776360257,equal,65,36.74,95,70,49
1776360258,equal,65,36.68,96,70,49
1776360259,equal,65,36.62,96,70,49
1776360261,equal,65,36.65,96,70,49
1776360262,equal,65,36.65,79,70,49
1776360263,equal,65,36.79,96,70,49
1776360264,equal,66,36.81,96,70,49
1776360265,equal,66,36.85,96,70,49
1776360267,equal,66,36.94,96,70,49
1776360268,equal,66,36.76,96,70,49
1776360269,equal,66,36.81,96,70,49
1776360270,equal,66,36.79,96,70,49
1776360271,equal,66,36.73,96,70,49
1776360273,equal,66,36.75,96,70,49
1776360274,equal,66,36.69,96,70,49
1776360275,equal,66,36.64,96,70,49
1776360276,equal,66,36.54,96,70,49
1776360277,equal,66,36.59,96,70,49
1776360279,equal,66,36.61,96,70,49
1776360280,equal,66,36.62,96,70,49
1776360281,equal,66,36.72,96,70,49
1776360282,equal,66,36.65,96,70,49
1776360283,equal,66,36.66,96,70,49
1776360285,equal,66,36.79,96,70,49
1776360286,equal,66,36.72,96,70,49
1776360287,equal,66,36.61,96,70,49
1776360288,equal,66,36.65,96,70,49
1776360289,equal,66,36.67,96,70,49
1776360290,equal,66,36.70,96,70,49
1776360292,equal,66,36.65,96,70,49
1776360293,equal,66,36.62,96,70,49
1776360294,equal,66,36.79,96,70,49
1776360295,equal,66,36.84,96,70,49
1776360296,equal,66,36.91,96,70,49
1776360298,equal,66,36.97,96,70,49
1776360299,equal,66,36.76,96,70,49
1776360300,equal,66,36.71,96,70,49
1776360301,equal,66,36.71,96,70,49
1776360302,equal,66,36.78,95,70,49
1776360304,equal,66,36.72,96,70,49
1776360305,equal,66,36.76,96,70,49
1776360306,equal,66,36.80,96,70,49
1776360307,equal,66,36.74,96,70,49
1776360308,equal,66,37.10,81,70,49
1776360310,equal,66,36.82,96,70,49
1776360311,equal,66,36.79,96,72,49
1776360312,equal,66,36.76,96,72,49
1776360313,equal,66,36.81,96,72,49
1776360314,equal,66,36.62,95,70,49
1776360315,equal,66,36.77,96,71,49
1776360317,equal,66,36.80,96,72,49
1776360318,equal,66,36.71,96,72,49
1776360319,equal,66,36.64,96,72,49
1776360320,equal,66,36.72,96,72,49
1776360321,equal,66,36.69,96,72,49
1776360322,equal,66,36.80,96,72,49
1776360324,equal,66,36.72,96,72,49
1776360325,equal,66,36.82,96,73,49
1776360326,equal,66,36.78,96,72,49
1776360327,equal,66,36.82,96,72,49
1776360328,equal,66,36.78,96,72,49
1776360329,equal,66,36.86,96,73,49
1776360331,equal,66,36.83,96,73,49
1776360332,equal,66,36.81,96,73,49
1776360333,equal,66,36.59,96,73,49
1776360334,equal,66,36.84,96,73,49
1776360335,equal,66,36.80,96,73,49
1776360337,equal,66,36.87,96,71,49
1776360338,equal,66,36.83,96,71,49
1776360339,equal,66,36.81,96,71,49
1776360340,equal,66,36.89,96,71,49
1776360341,equal,66,36.91,96,71,49
1776360342,equal,66,36.94,96,71,49
1776360344,equal,66,36.96,96,71,49
1776360345,equal,66,36.86,95,71,49
1776360346,equal,66,36.94,96,71,49
1776360347,equal,66,36.88,96,71,49
1776360348,equal,66,36.49,96,71,49
1776360349,equal,66,36.77,95,71,49
1776360351,equal,66,36.88,96,71,49
1776360352,equal,66,36.81,96,71,49
1776360353,equal,66,36.84,96,71,49
1776360354,equal,66,36.78,78,71,50
1776360355,equal,66,36.87,96,71,50
1776360356,equal,66,36.93,96,71,50
1776360358,equal,66,36.92,96,71,50
1776360359,equal,66,36.86,96,71,50
1776360360,equal,66,36.88,96,71,50
1776360361,equal,66,36.98,96,71,50
1776360362,equal,66,36.92,96,71,50
1776360364,equal,66,36.92,96,71,50
1776360365,equal,66,37.07,96,71,50
1776360366,equal,66,36.95,96,71,50
1776360367,equal,67,36.94,96,71,50
1776360368,equal,66,36.94,96,71,50
1776360369,equal,67,36.85,96,71,50
1776360371,equal,67,37.01,96,71,50
1776360372,equal,67,36.95,96,71,50
1776360373,equal,67,36.98,96,71,50
1776360374,equal,67,36.88,96,71,50
1776360375,equal,67,36.85,96,71,50
1776360377,equal,67,36.89,96,71,50
1776360378,equal,67,36.91,96,71,50
1776360379,equal,67,36.66,96,71,50
1776360380,equal,67,37.00,96,71,50
1776360381,equal,67,37.03,96,71,50
1776360383,equal,67,36.94,96,71,50
1776360384,equal,67,36.99,96,71,50
1776360385,equal,67,36.96,96,71,50
1776360386,equal,67,37.08,96,71,50
1776360387,equal,67,37.01,96,71,50
1776360388,equal,67,37.06,96,71,50
1776360390,equal,67,37.17,96,71,50
1776360391,equal,67,36.92,96,71,50
1776360392,equal,67,36.94,96,71,50
1776360393,equal,67,36.97,96,71,50
1776360394,equal,67,36.93,96,71,50
1776360396,equal,67,37.00,96,71,50
1776360397,equal,67,37.10,96,71,50
1776360398,equal,67,37.07,96,71,50
1776360399,equal,67,37.03,96,71,50
1776360400,equal,67,37.24,81,71,50
1776360402,equal,67,37.15,96,71,50
1776360403,equal,67,37.04,96,71,50
1776360404,equal,67,37.06,96,71,50
1776360405,equal,67,37.15,96,71,50
1776360406,equal,67,37.05,96,71,50
1776360408,equal,67,37.03,96,71,50
1776360409,equal,67,37.05,96,71,50
1776360410,equal,67,37.05,96,72,50
1776360411,equal,67,37.02,96,72,50
1776360412,equal,67,37.06,96,72,50
1776360414,equal,67,37.06,96,72,50
1776360415,equal,67,36.71,96,72,50
1776360416,equal,67,37.10,96,72,50
1776360417,equal,67,37.05,96,72,50
1776360418,equal,67,37.11,96,72,50
1776360419,equal,67,37.14,96,72,50
1776360421,equal,67,37.16,96,72,50
1776360422,equal,67,37.06,96,72,50
1776360423,equal,67,37.09,96,72,50
1776360424,equal,67,37.01,96,72,50
1776360425,equal,67,37.20,96,72,50
1776360427,equal,67,37.08,96,72,50
1776360428,equal,67,37.14,96,72,50
1776360429,equal,67,37.07,96,72,50
1776360430,equal,67,37.08,96,72,50
1776360431,equal,67,37.08,96,72,50
1776360433,equal,67,37.14,96,72,50
1776360434,equal,67,37.13,96,72,50
1776360435,equal,67,37.11,96,72,50
1776360436,equal,67,37.23,96,72,50
1776360437,equal,67,37.13,96,72,50
1776360438,equal,67,37.11,96,72,50
1776360440,equal,67,37.02,96,72,50
1776360441,equal,67,37.11,96,72,50
1776360442,equal,67,37.06,96,72,50
1776360443,equal,67,37.17,96,72,50
1776360444,equal,67,37.15,96,72,50
1776360446,equal,67,37.13,95,72,50
1776360447,equal,67,37.13,96,72,50
1776360448,equal,67,37.13,96,72,50
1776360449,equal,67,37.24,96,72,50
1776360450,equal,67,37.30,96,72,50
1776360452,equal,67,37.41,96,72,50
1776360453,equal,67,37.23,96,72,50
1776360454,equal,67,37.28,96,72,50
1776360455,equal,67,37.28,96,72,50
1776360456,equal,67,37.25,96,72,51
1776360457,equal,67,37.31,96,72,51
1776360459,equal,67,37.28,96,72,51
1776360460,equal,67,37.24,96,72,51
1776360461,equal,67,37.12,96,72,51
1776360462,equal,67,37.19,96,72,51
1776360463,equal,67,37.24,96,72,51
1776360465,equal,67,37.32,96,72,51
1776360466,equal,67,36.90,96,72,51
1776360467,equal,67,37.29,96,72,51
1776360468,equal,67,37.18,96,72,51
1776360469,equal,67,37.21,96,72,51
1776360471,equal,67,37.25,96,72,51
1776360472,equal,67,37.32,96,72,51
1776360473,equal,67,37.15,96,72,51
1776360474,equal,67,37.09,96,72,51
1776360475,equal,67,37.17,96,72,51
1776360477,equal,67,37.05,96,72,51
1776360478,equal,67,37.15,96,72,51
1776360479,equal,67,37.29,96,72,51
1776360480,equal,67,37.26,96,72,51
1776360481,equal,67,37.18,96,72,51
1776360482,equal,67,37.21,96,72,51
1776360484,equal,67,37.31,96,72,51
1776360485,equal,67,37.26,96,72,51
1776360486,equal,67,37.17,96,72,51
1776360487,equal,67,37.40,96,72,51
1776360488,equal,67,37.22,96,72,51
1776360490,equal,67,37.22,96,72,51
1776360491,equal,67,37.20,96,72,51
1776360492,equal,68,37.20,95,72,51
1776360493,equal,67,37.32,96,72,51
1776360494,equal,67,37.36,96,72,51
1776360496,equal,67,37.42,96,72,51
1776360497,equal,67,37.35,80,72,51
1776360498,equal,67,37.28,96,72,51
1776360499,equal,67,37.26,96,72,51
1776360500,equal,67,37.32,96,72,51
1776360502,equal,67,37.16,96,72,51
1776360503,equal,67,37.30,96,73,51
1776360504,equal,67,37.32,96,74,51
1776360505,equal,67,37.31,96,74,51
1776360506,equal,67,37.25,96,74,51
1776360507,equal,67,37.34,96,74,51
1776360509,equal,67,37.23,96,74,51
1776360510,equal,67,37.34,96,74,51
1776360511,equal,67,37.29,96,74,51
1776360512,equal,67,37.22,96,74,51
1776360513,equal,67,37.20,96,74,51
1776360514,equal,67,37.21,96,74,51
1776360516,equal,67,37.24,96,74,51
1776360517,equal,67,37.15,96,74,51
1776360518,equal,67,37.20,96,74,51
1776360519,equal,67,37.17,96,74,51
1776360520,equal,67,37.20,96,74,51
1776360521,equal,67,37.31,96,74,51
1776360523,equal,67,37.20,96,74,51
1776360524,equal,67,37.24,96,74,51
1776360525,equal,67,37.13,96,74,51
1776360526,equal,67,37.20,96,74,51
1776360527,equal,67,37.31,96,74,51
1776360528,equal,67,37.29,96,74,51
1776360530,equal,67,37.33,96,74,51
1776360531,equal,67,37.33,96,74,51
1776360532,equal,67,37.30,96,74,51
1776360533,equal,67,37.22,96,74,51
1776360534,equal,67,37.26,96,74,51
1776360535,equal,67,37.35,96,74,51
1776360537,equal,67,37.24,96,74,51
1776360538,equal,67,37.19,96,74,51
1776360539,equal,67,37.19,96,74,51
1776360540,equal,67,37.21,96,74,51
1776360541,equal,67,37.10,96,74,51
1776360543,equal,67,37.02,80,74,51
1776360544,equal,67,37.11,96,74,51
1776360545,equal,67,37.16,96,74,51
1776360546,equal,67,37.25,96,74,51
1776360547,equal,67,37.14,96,74,51
1776360548,equal,67,37.04,96,72,51
1776360550,equal,67,37.08,96,72,51
1776360551,equal,67,37.08,96,73,51
1776360552,equal,67,37.09,96,73,51
1776360553,equal,67,36.98,96,73,51
1776360554,equal,67,36.96,96,73,51
1776360556,equal,67,37.11,96,73,51
1776360557,equal,67,37.13,96,73,51
1776360558,equal,67,37.16,96,73,51
1776360559,equal,67,37.11,96,73,51
1776360560,equal,67,37.20,96,73,51
1776360561,equal,67,37.23,96,73,51
1776360563,equal,67,37.19,96,73,51
1776360564,equal,67,37.20,96,73,51
1776360565,equal,67,37.17,96,73,51
1776360566,equal,67,37.22,96,73,51
1776360567,equal,67,37.19,96,73,51
1776360568,equal,67,37.20,96,73,51
1776360570,equal,67,37.20,96,73,51
1776360571,equal,67,37.17,96,73,51
1776360572,equal,67,37.12,96,73,51
1776360573,equal,67,37.13,96,73,51
1776360574,equal,67,37.08,96,73,51
1776360576,equal,67,37.15,96,73,51
1776360577,equal,67,37.22,96,73,51
1776360578,equal,67,37.25,96,73,51
1776360579,equal,67,37.22,96,73,51
1776360580,equal,67,37.29,95,73,51
1776360581,equal,67,37.32,96,73,51
1776360583,equal,67,37.28,96,73,51
1776360584,equal,67,37.16,96,73,51
1776360585,equal,67,37.26,96,73,51
1776360586,equal,67,37.35,96,73,51
1776360587,equal,67,37.32,96,73,51
1776360588,equal,67,37.12,96,72,51
1776360590,equal,67,37.30,96,72,51
1776360591,equal,67,37.19,96,72,51
1776360592,equal,67,37.21,96,72,51
1776360593,equal,67,37.21,96,72,51
1776360594,equal,67,37.16,96,72,51
1776360596,equal,67,37.16,96,72,51
1776360597,equal,67,37.17,96,72,51
1776360598,equal,67,37.23,96,72,51
1776360599,equal,67,37.22,96,72,51
1776360600,equal,67,37.17,96,72,51
1776360601,equal,67,37.13,96,72,51
1776360603,equal,67,37.15,96,72,51
1776360604,equal,67,36.96,96,72,51
1776360605,equal,67,37.14,96,72,51
1776360606,equal,67,37.11,96,72,51
1776360607,equal,67,37.12,96,72,51
1776360609,equal,67,37.14,96,74,51
1776360610,equal,67,37.12,95,75,51
1776360611,equal,67,37.18,96,75,51
1776360612,equal,67,37.15,96,75,51
1776360613,equal,67,37.14,96,75,51
1776360614,equal,67,36.99,80,75,51
1776360616,equal,67,37.19,96,75,51
1776360617,equal,67,37.16,96,75,51
1776360618,equal,67,37.16,96,75,51
1776360619,equal,67,36.86,96,75,51
1776360620,equal,67,37.16,96,75,51
1776360621,equal,67,37.19,96,75,51
1776360623,equal,67,37.15,96,75,51
1776360624,equal,67,37.17,96,75,51
1776360625,equal,67,37.06,96,75,51
1776360626,equal,67,37.10,96,75,51
1776360627,equal,67,37.18,96,75,51
1776360629,equal,67,37.22,96,75,51
1776360630,equal,67,37.32,96,75,51
1776360631,equal,67,37.19,96,75,51
1776360632,equal,67,37.22,96,75,51
1776360633,equal,67,37.15,96,75,51
1776360634,equal,67,36.83,96,72,51
1776360636,equal,67,37.12,96,72,51
1776360637,equal,67,37.08,96,72,51
1776360638,equal,67,37.12,96,72,51
1776360639,equal,67,37.08,96,72,51
1776360640,equal,67,37.25,96,72,51
1776360642,equal,67,37.20,96,72,51
1776360643,equal,67,37.17,96,72,51
1776360644,equal,67,37.21,96,72,51
1776360645,equal,67,37.10,96,72,51
1776360646,equal,67,37.17,96,72,51
1776360647,equal,67,37.22,96,72,51
1776360649,equal,67,37.37,96,72,51
1776360650,equal,67,37.31,96,72,51
1776360651,equal,67,37.30,96,72,51
1776360652,equal,67,37.36,96,72,51
1776360653,equal,67,37.30,96,72,51
1776360655,equal,67,37.26,96,72,51
1776360656,equal,67,37.40,96,72,51
1776360657,equal,67,37.33,96,72,51
1776360658,equal,67,37.33,96,72,51
1776360659,equal,67,37.25,96,72,51
1776360661,equal,67,37.30,81,72,51
1776360662,equal,67,37.19,96,72,51
1776360663,equal,67,37.16,96,72,51
1776360664,equal,67,37.20,96,72,51
1776360665,equal,67,37.24,96,72,51
1776360667,equal,67,37.26,96,72,51
1776360668,equal,67,37.24,96,72,51
1776360669,equal,67,37.22,96,72,51
1776360670,equal,67,37.27,96,72,51
1776360671,equal,67,37.28,96,72,51
1776360672,equal,67,37.15,96,72,51
1776360674,equal,67,37.18,96,72,51
1776360675,equal,67,37.20,96,72,51
1776360676,equal,67,37.30,96,72,51
1776360677,equal,67,37.21,96,72,51
1776360678,equal,67,37.13,96,72,51
1776360680,equal,67,37.25,96,72,51
1776360681,equal,67,37.09,96,72,51
1776360682,equal,67,37.19,96,72,51
1776360683,equal,67,37.23,96,72,51
1776360684,equal,67,37.19,96,72,51
1776360686,equal,67,36.97,96,72,51
1776360687,equal,67,37.24,96,72,51
1776360688,equal,67,37.22,96,72,51
1776360689,equal,67,37.23,96,72,51
1776360690,equal,67,37.28,96,72,51
1776360691,equal,67,37.23,96,73,51
1776360693,equal,67,37.22,96,73,51
1776360694,equal,67,37.24,96,73,51
1776360695,equal,67,37.29,96,73,51
1776360696,equal,67,37.30,96,73,51
1776360697,equal,67,37.25,96,73,51
1776360699,equal,67,37.16,96,73,51
1776360700,equal,67,37.33,96,73,51
1776360701,equal,67,37.28,96,74,51
1776360702,equal,67,37.25,96,73,51
1776360703,equal,67,37.30,96,73,51
1776360705,equal,67,37.33,96,73,51
1776360706,equal,67,37.30,96,73,51
1776360707,equal,67,37.33,84,72,51
1776360708,cooldown_2,67,37.15,96,72,51
1776360709,cooldown_2,67,37.11,96,74,51
1776360710,cooldown_2,67,37.08,96,74,51
1776360712,cooldown_2,67,24.38,96,70,51
1776360713,cooldown_2,62,13.00,0,67,51
1776360714,cooldown_2,61,12.91,0,65,51
1776360715,cooldown_2,61,12.81,0,65,51
1776360716,cooldown_2,60,12.68,0,64,51
1776360717,cooldown_2,60,12.46,0,63,51
1776360718,cooldown_2,59,12.37,0,63,51
1776360719,cooldown_2,59,12.28,0,62,51
1776360720,cooldown_2,59,12.24,0,62,51
1776360722,cooldown_2,58,12.15,0,62,51
1776360723,cooldown_2,58,12.12,0,61,51
1776360724,cooldown_2,58,12.08,0,61,51
1776360725,cooldown_2,57,12.12,0,61,51
1776360726,cooldown_2,57,12.15,0,60,51
1776360727,cooldown_2,57,12.10,0,60,51
1776360728,cooldown_2,57,11.98,0,60,51
1776360729,cooldown_2,56,12.03,0,59,51
1776360730,cooldown_2,56,12.00,0,59,51
1776360731,cooldown_2,56,11.88,0,59,51
1776360733,cooldown_2,56,11.91,0,59,51
1776360734,cooldown_2,55,11.81,0,58,51
1776360735,cooldown_2,55,11.79,0,58,51
1776360736,cooldown_2,55,11.73,0,58,51
1776360737,cooldown_2,55,11.71,0,58,51
1776360738,cooldown_2,55,11.70,0,58,51
1776360739,cooldown_2,54,11.66,0,57,51
1776360740,cooldown_2,54,11.63,0,57,51
1776360741,cooldown_2,54,11.61,0,57,51
1776360742,cooldown_2,54,11.58,0,57,51
1776360744,cooldown_2,54,11.56,0,57,51
1776360745,cooldown_2,54,11.52,0,56,50
1776360746,cooldown_2,53,11.51,0,56,50
1776360747,cooldown_2,53,11.52,0,56,50
1776360748,cooldown_2,53,11.56,0,56,50
1776360749,cooldown_2,53,11.53,0,56,50
1776360750,cooldown_2,53,11.50,0,56,50
1776360751,cooldown_2,53,11.40,0,56,50
1776360752,cooldown_2,53,11.30,0,55,50
1776360753,cooldown_2,53,11.30,0,55,50
1776360755,cooldown_2,52,11.22,0,55,50
1776360756,cooldown_2,52,11.16,0,55,50
1776360757,cooldown_2,52,11.19,0,55,50
1776360758,cooldown_2,52,11.18,0,55,50
1776360759,cooldown_2,52,11.11,0,55,50
1776360760,cooldown_2,52,11.14,0,54,50
1776360761,cooldown_2,52,11.13,0,54,50
1776360762,cooldown_2,52,11.11,0,54,50
1776360763,cooldown_2,51,11.10,0,54,50
1776360764,cooldown_2,51,11.08,0,54,50
1776360766,cooldown_2,51,11.08,0,54,50
1776360767,cooldown_2,51,11.04,0,54,50
1776360768,decode_heavy,51,11.25,0,54,50
1776360769,decode_heavy,56,35.11,95,58,50
1776360770,decode_heavy,57,36.37,96,61,50
1776360771,decode_heavy,57,36.16,96,62,50
1776360773,decode_heavy,58,36.01,95,63,49
1776360774,decode_heavy,58,36.15,96,63,49
1776360775,decode_heavy,58,36.84,95,64,49
1776360776,decode_heavy,58,37.75,95,64,49
1776360777,decode_heavy,59,36.08,96,64,49
1776360778,decode_heavy,60,36.52,81,65,49
1776360780,decode_heavy,59,37.37,96,65,49
1776360781,decode_heavy,59,37.86,82,65,49
1776360782,decode_heavy,60,36.63,96,65,49
1776360783,decode_heavy,60,36.62,96,66,49
1776360784,decode_heavy,60,38.28,83,66,49
1776360786,decode_heavy,60,36.90,96,66,49
1776360787,decode_heavy,60,36.84,96,66,49
1776360788,decode_heavy,62,36.25,96,66,49
1776360789,decode_heavy,61,37.71,96,67,49
1776360790,decode_heavy,61,38.04,96,67,49
1776360791,decode_heavy,61,36.53,96,67,49
1776360793,decode_heavy,61,36.32,96,67,49
1776360794,decode_heavy,60,37.53,96,66,49
1776360795,decode_heavy,61,36.97,95,66,49
1776360796,decode_heavy,61,36.33,96,66,49
1776360797,decode_heavy,62,36.38,96,66,49
1776360799,decode_heavy,62,37.18,96,66,48
1776360800,decode_heavy,64,37.50,96,67,48
1776360801,decode_heavy,62,36.58,96,67,48
1776360802,decode_heavy,62,37.48,83,67,48
1776360803,decode_heavy,62,37.13,96,67,48
1776360804,decode_heavy,62,36.81,96,67,48
1776360806,decode_heavy,62,37.87,96,67,48
1776360807,decode_heavy,63,37.58,96,67,48
1776360808,decode_heavy,63,37.39,96,67,48
1776360809,decode_heavy,62,37.27,96,68,48
1776360810,decode_heavy,65,38.77,95,68,48
1776360812,decode_heavy,63,37.45,96,68,48
1776360813,decode_heavy,63,36.90,94,68,48
1776360814,decode_heavy,63,37.29,96,68,48
1776360815,decode_heavy,63,38.23,96,68,48
1776360816,decode_heavy,65,37.72,95,68,48
1776360817,decode_heavy,63,36.87,96,68,48
1776360819,decode_heavy,63,37.70,96,68,48
1776360820,decode_heavy,63,37.45,96,68,48
1776360821,decode_heavy,63,36.59,96,68,48
1776360822,decode_heavy,63,38.31,96,68,48
1776360823,decode_heavy,63,38.62,96,68,48
1776360825,decode_heavy,64,37.60,96,68,48
1776360826,decode_heavy,63,37.56,83,69,48
1776360827,decode_heavy,64,37.40,96,68,48
1776360828,decode_heavy,64,38.72,96,69,48
1776360829,decode_heavy,64,37.76,96,69,48
1776360830,decode_heavy,64,37.42,96,69,48
1776360832,decode_heavy,64,38.19,96,69,48
1776360833,decode_heavy,64,37.65,96,69,48
1776360834,decode_heavy,64,37.46,96,69,48
1776360835,decode_heavy,64,37.49,96,69,48
1776360836,decode_heavy,65,38.46,95,69,48
1776360837,decode_heavy,64,38.66,96,69,48
1776360839,decode_heavy,64,37.23,96,69,48
1776360840,decode_heavy,64,36.92,96,69,48
1776360841,decode_heavy,64,38.58,95,69,48
1776360842,decode_heavy,64,37.36,96,69,48
1776360843,decode_heavy,64,37.35,96,69,48
1776360845,decode_heavy,66,37.50,95,69,48
1776360846,decode_heavy,64,38.23,96,69,48
1776360847,decode_heavy,64,37.36,86,69,48
1776360848,decode_heavy,64,38.19,95,69,48
1776360849,decode_heavy,64,37.45,95,69,48
1776360850,decode_heavy,66,37.88,96,70,48
1776360852,decode_heavy,64,37.15,96,71,48
1776360853,decode_heavy,64,38.18,84,71,48
1776360854,decode_heavy,65,38.22,96,72,48
1776360855,decode_heavy,65,37.51,96,70,48
1776360856,decode_heavy,66,37.77,96,70,48
1776360858,decode_heavy,65,38.36,96,70,48
1776360859,decode_heavy,65,38.87,96,70,48
1776360860,decode_heavy,65,37.14,96,70,48
1776360861,decode_heavy,65,37.77,96,70,48
1776360862,decode_heavy,64,37.91,96,70,48
1776360864,decode_heavy,65,38.42,95,70,48
1776360865,decode_heavy,65,37.03,96,70,48
1776360866,decode_heavy,65,37.82,96,70,48
1776360867,decode_heavy,65,38.97,96,70,48
1776360868,decode_heavy,65,39.04,95,70,48
1776360870,decode_heavy,65,36.99,96,70,48
1776360871,decode_heavy,65,37.27,96,70,48
1776360872,decode_heavy,65,37.35,96,70,48
1776360873,decode_heavy,65,37.38,96,70,48
1776360874,decode_heavy,67,38.41,96,70,48
1776360875,decode_heavy,65,39.01,96,70,48
1776360877,decode_heavy,65,37.86,96,71,48
1776360878,decode_heavy,65,37.07,96,71,48
1776360879,decode_heavy,65,38.99,96,71,48
1776360880,decode_heavy,65,38.92,95,71,48
1776360881,decode_heavy,65,37.72,96,71,48
1776360883,decode_heavy,65,38.10,96,71,48
1776360884,decode_heavy,67,38.28,83,71,48
1776360885,decode_heavy,65,37.68,96,71,48
1776360886,decode_heavy,66,38.00,95,71,48
1776360887,decode_heavy,65,37.22,96,71,48
1776360889,decode_heavy,65,37.55,96,71,48
1776360890,decode_heavy,66,39.03,95,71,48
1776360891,decode_heavy,65,38.85,96,71,48
1776360892,decode_heavy,67,37.22,96,72,48
1776360893,decode_heavy,66,38.01,96,72,48
1776360894,decode_heavy,65,39.16,82,72,48
1776360896,decode_heavy,66,37.68,83,72,48
1776360897,decode_heavy,65,37.25,96,72,48
1776360898,decode_heavy,67,37.77,82,72,48
1776360899,decode_heavy,66,39.19,96,72,48
1776360900,decode_heavy,65,38.97,80,72,48
1776360902,decode_heavy,66,37.54,96,72,48
1776360903,decode_heavy,66,37.22,96,72,48
1776360904,decode_heavy,65,38.37,96,72,48
1776360905,decode_heavy,66,38.04,96,72,48
1776360906,decode_heavy,65,38.37,82,72,48
1776360908,decode_heavy,66,36.78,96,72,48
1776360909,decode_heavy,66,37.83,96,72,48
1776360910,decode_heavy,67,39.27,82,72,48
1776360911,decode_heavy,66,38.25,96,72,49
1776360912,decode_heavy,66,37.71,82,72,49
1776360913,decode_heavy,66,36.91,96,72,49
1776360915,decode_heavy,65,37.38,96,72,49
1776360916,decode_heavy,66,38.57,95,72,49
1776360917,decode_heavy,66,38.98,96,72,49
1776360918,decode_heavy,66,37.97,95,72,49
1776360919,decode_heavy,66,37.85,96,72,49
1776360921,decode_heavy,65,37.34,95,72,49
1776360922,decode_heavy,66,38.73,96,72,49
1776360923,decode_heavy,66,38.54,96,72,49
1776360924,decode_heavy,68,38.08,96,72,49
1776360925,decode_heavy,66,37.78,96,71,49
1776360927,decode_heavy,66,38.33,83,71,49
1776360928,decode_heavy,68,38.04,96,72,49
1776360929,decode_heavy,66,38.25,96,72,49
1776360930,decode_heavy,66,37.32,95,72,49
1776360931,decode_heavy,66,37.83,96,72,49
1776360932,decode_heavy,66,39.20,96,72,49
1776360934,decode_heavy,66,39.28,83,72,49
1776360935,decode_heavy,66,37.12,96,72,49
1776360936,decode_heavy,66,37.15,96,72,49
1776360937,decode_heavy,66,37.94,96,72,49
1776360938,decode_heavy,66,39.22,95,72,49
1776360940,decode_heavy,66,38.32,96,72,49
1776360941,decode_heavy,66,38.19,96,72,49
1776360942,decode_heavy,67,37.94,80,72,49
1776360943,decode_heavy,66,38.00,96,72,49
1776360944,decode_heavy,68,38.54,96,72,49
1776360945,decode_heavy,66,38.02,96,72,49
1776360947,decode_heavy,65,38.15,96,72,49
1776360948,decode_heavy,67,38.43,95,72,49
1776360949,decode_heavy,66,38.70,96,72,49
1776360950,decode_heavy,68,37.74,96,72,49
1776360951,decode_heavy,66,38.14,96,72,49
1776360953,decode_heavy,66,39.39,83,73,49
1776360954,decode_heavy,66,38.06,83,73,49
1776360955,decode_heavy,66,38.20,96,72,49
1776360956,decode_heavy,66,38.28,83,73,49
1776360957,decode_heavy,66,37.94,96,73,49
1776360958,decode_heavy,66,38.99,83,73,49
1776360960,decode_heavy,66,37.49,96,72,49
1776360961,decode_heavy,66,38.02,96,73,49
1776360962,decode_heavy,65,38.51,83,71,49
1776360963,decode_heavy,66,39.23,96,72,49
1776360964,decode_heavy,66,37.72,96,71,49
1776360966,decode_heavy,68,37.44,96,71,49
1776360967,decode_heavy,66,39.72,96,72,49
1776360968,decode_heavy,66,39.16,96,72,49
1776360969,decode_heavy,66,37.94,96,71,49
1776360970,decode_heavy,66,38.08,96,72,49
1776360971,decode_heavy,65,39.14,96,72,49
1776360973,decode_heavy,66,38.64,96,72,49
1776360974,decode_heavy,66,38.15,96,72,49
1776360975,decode_heavy,67,38.01,95,71,49
1776360976,decode_heavy,66,39.18,96,72,49
1776360977,decode_heavy,66,39.05,95,72,49
1776360978,decode_heavy,66,38.15,96,72,49
1776360980,decode_heavy,66,38.54,96,72,49
1776360981,decode_heavy,66,38.05,86,72,49
1776360982,decode_heavy,66,37.53,96,71,49
1776360983,decode_heavy,66,37.46,96,71,49
1776360984,decode_heavy,68,38.59,96,72,49
1776360986,decode_heavy,66,38.73,96,72,49
1776360987,decode_heavy,66,38.33,96,72,49
1776360988,decode_heavy,67,37.87,96,72,49
1776360989,decode_heavy,66,39.24,96,72,49
1776360990,decode_heavy,66,39.34,95,72,49
1776360991,decode_heavy,66,37.97,96,72,49
1776360993,decode_heavy,66,37.43,96,72,49
1776360994,decode_heavy,68,39.41,93,72,49
1776360995,decode_heavy,66,39.36,96,72,49
1776360996,decode_heavy,66,37.48,81,71,49
1776360997,decode_heavy,66,37.49,96,72,49
1776360999,decode_heavy,66,38.81,88,72,49
1776361000,decode_heavy,67,39.33,83,72,49
1776361001,decode_heavy,66,38.01,96,72,49
1776361002,decode_heavy,67,37.93,79,72,49
1776361003,decode_heavy,67,38.57,96,72,49
1776361004,decode_heavy,66,37.98,96,72,49
1776361006,decode_heavy,67,38.15,96,72,49
1776361007,decode_heavy,66,37.59,96,72,49
1776361008,decode_heavy,67,38.97,96,72,49
1776361009,decode_heavy,66,38.26,96,72,49
1776361010,decode_heavy,66,37.85,96,72,49
1776361012,decode_heavy,66,37.56,96,72,49
1776361013,decode_heavy,66,37.56,96,72,49
1776361014,decode_heavy,67,37.84,95,72,49
1776361015,decode_heavy,66,37.60,96,72,49
1776361016,decode_heavy,66,38.12,96,72,49
1776361017,decode_heavy,66,37.52,96,71,49
1776361019,decode_heavy,66,37.70,95,72,49
1776361020,decode_heavy,67,38.73,96,72,49
1776361021,decode_heavy,66,39.06,96,72,49
1776361022,decode_heavy,66,37.12,95,72,49
1776361023,decode_heavy,66,38.01,96,72,49
1776361025,decode_heavy,68,38.91,96,72,49
1776361026,decode_heavy,66,38.70,95,72,49
1776361027,decode_heavy,66,37.77,96,72,49
1776361028,decode_heavy,66,37.19,96,71,50
1776361029,decode_heavy,66,38.40,96,72,50
1776361030,decode_heavy,66,38.25,96,72,50
1776361032,decode_heavy,66,38.49,96,72,50
1776361033,decode_heavy,66,38.13,96,72,50
1776361034,decode_heavy,67,38.17,96,71,50
1776361035,decode_heavy,66,39.63,96,73,50
1776361036,decode_heavy,67,38.22,96,74,50
1776361037,decode_heavy,67,37.69,96,74,50
1776361039,decode_heavy,66,39.73,81,74,50
1776361040,decode_heavy,66,38.77,83,74,50
1776361041,decode_heavy,67,38.08,96,74,50
1776361042,decode_heavy,67,37.82,88,74,50
1776361043,decode_heavy,68,39.03,96,74,50
1776361045,decode_heavy,66,38.29,96,74,50
1776361046,decode_heavy,68,38.15,96,74,50
1776361047,decode_heavy,67,38.10,96,74,50
1776361048,decode_heavy,66,38.22,96,74,50
1776361049,decode_heavy,66,38.14,96,74,50
1776361050,decode_heavy,67,37.53,96,74,50
1776361052,decode_heavy,66,37.96,96,74,50
1776361053,decode_heavy,68,39.18,96,74,50
1776361054,decode_heavy,66,38.07,96,74,50
1776361055,decode_heavy,67,37.37,88,74,50
1776361056,decode_heavy,67,38.54,96,74,50
1776361058,decode_heavy,66,38.69,96,74,50
1776361059,decode_heavy,67,38.66,96,74,50
1776361060,decode_heavy,67,37.36,96,74,50
1776361061,decode_heavy,67,37.53,96,74,50
1776361062,decode_heavy,67,38.83,96,74,50
1776361063,decode_heavy,67,37.65,96,74,50
1776361065,decode_heavy,67,39.50,96,74,50
1776361066,decode_heavy,67,37.88,96,74,50
1776361067,decode_heavy,67,38.06,96,74,50
1776361068,decode_heavy,67,38.93,96,74,50
1776361069,decode_heavy,68,38.53,96,74,50
1776361070,decode_heavy,67,37.62,96,74,50
1776361072,decode_heavy,67,38.12,96,74,50
1776361073,decode_heavy,67,37.55,96,74,50
1776361074,decode_heavy,67,38.40,96,74,50
1776361075,decode_heavy,67,39.49,96,74,50
1776361076,decode_heavy,67,37.54,96,74,50
1776361078,decode_heavy,68,37.58,96,74,50
1776361079,decode_heavy,67,38.33,96,74,50
1776361080,decode_heavy,67,39.10,96,74,50
1776361081,decode_heavy,67,38.16,96,74,50
1776361082,decode_heavy,67,38.27,96,74,50
1776361083,decode_heavy,67,39.42,95,74,50
1776361085,decode_heavy,67,38.04,96,74,50
1776361086,decode_heavy,67,38.18,96,74,50
1776361087,decode_heavy,68,39.19,82,72,50
1776361088,decode_heavy,67,38.28,96,72,50
1776361089,decode_heavy,67,37.46,83,71,50
1776361091,decode_heavy,67,38.21,96,72,50
1776361092,decode_heavy,67,39.48,96,72,50
1776361093,decode_heavy,67,39.17,95,72,50
1776361094,decode_heavy,67,37.75,95,72,50
1776361095,decode_heavy,67,37.44,96,72,50
1776361096,decode_heavy,67,38.77,96,72,50
1776361098,decode_heavy,67,38.05,82,72,50
1776361099,decode_heavy,69,38.79,96,72,50
1776361100,decode_heavy,67,38.54,96,72,50
1776361101,decode_heavy,67,37.38,82,72,50
1776361102,decode_heavy,67,37.85,96,72,50
1776361104,decode_heavy,67,39.59,96,72,50
1776361105,decode_heavy,67,39.51,89,72,50
1776361106,decode_heavy,67,37.70,96,71,50
1776361107,decode_heavy,67,37.74,96,71,50
1776361108,decode_heavy,67,37.96,96,72,50
1776361110,decode_heavy,66,38.70,96,72,50
1776361111,decode_heavy,67,37.99,96,72,50
1776361112,decode_heavy,67,38.72,96,72,50
1776361113,decode_heavy,67,37.53,96,72,50
1776361114,decode_heavy,67,37.84,96,72,50
1776361115,decode_heavy,66,39.23,96,72,50
1776361117,decode_heavy,67,38.57,96,72,50
1776361118,decode_heavy,67,38.19,96,72,50
1776361119,decode_heavy,67,37.21,96,72,50
1776361120,decode_heavy,67,38.16,96,72,50
1776361121,decode_heavy,67,38.68,96,72,50
1776361123,decode_heavy,67,38.88,96,72,50
1776361124,decode_heavy,69,38.59,95,72,50
1776361125,decode_heavy,67,38.04,95,72,50
1776361126,decode_heavy,67,38.52,96,72,50
1776361127,decode_heavy,68,38.87,94,72,50
1776361129,decode_heavy,67,37.71,96,72,50
1776361130,decode_heavy,68,37.59,96,72,50
1776361131,decode_heavy,67,37.21,96,72,50
1776361132,decode_heavy,67,37.76,83,72,50
1776361133,decode_heavy,67,38.51,96,72,50
1776361134,decode_heavy,67,38.06,83,72,50
1776361136,decode_heavy,67,38.37,96,72,50
1776361137,decode_heavy,67,38.12,96,72,50
1776361138,decode_heavy,68,38.68,82,72,50
1776361139,decode_heavy,67,38.85,96,72,50
1776361140,decode_heavy,67,38.00,84,72,50
1776361142,decode_heavy,67,38.03,96,72,50
1776361143,decode_heavy,67,38.11,96,73,50
1776361144,decode_heavy,67,38.23,83,73,50
1776361145,decode_heavy,67,37.97,96,73,50
1776361146,decode_heavy,67,38.01,83,73,50
1776361147,decode_heavy,69,38.91,96,73,50
1776361149,decode_heavy,67,39.47,96,73,50
1776361150,decode_heavy,67,37.47,96,73,50
1776361151,decode_heavy,67,38.21,96,73,50
1776361152,decode_heavy,67,38.20,96,73,50
1776361153,decode_heavy,67,38.00,96,73,50
1776361155,decode_heavy,67,38.07,96,73,50
1776361156,decode_heavy,67,38.70,83,73,50
1776361157,decode_heavy,67,37.31,96,73,50
1776361158,decode_heavy,68,37.71,95,73,50
1776361159,decode_heavy,67,38.76,96,73,50
1776361161,decode_heavy,65,38.01,96,73,50
1776361162,decode_heavy,67,38.31,96,73,50
1776361163,decode_heavy,67,37.58,96,73,50
1776361164,decode_heavy,67,37.58,96,73,50
1776361165,decode_heavy,67,38.93,96,73,50
1776361166,decode_heavy,67,39.46,95,73,50
1776361168,decode_heavy,67,38.19,96,73,50
1776361169,decode_heavy,67,37.56,95,73,50
1776361170,decode_heavy,67,37.97,85,73,50
1776361171,decode_heavy,67,38.61,96,73,50
1776361172,decode_heavy,67,38.71,96,73,50
1776361173,decode_heavy,67,37.18,96,73,50
1776361175,decode_heavy,67,37.31,96,73,50
1776361176,decode_heavy,67,37.28,96,73,50
1776361177,decode_heavy,68,38.71,95,73,50
1776361178,decode_heavy,67,38.79,96,73,50
1776361179,decode_heavy,67,38.10,92,72,50
1776361181,decode_heavy,67,38.20,96,72,50
1776361182,decode_heavy,67,39.05,83,72,50
1776361183,decode_heavy,69,38.54,92,73,50
1776361184,decode_heavy,67,38.58,96,73,50
1776361185,decode_heavy,68,38.09,96,73,50
1776361186,decode_heavy,67,38.43,96,73,50
1776361188,decode_heavy,67,38.92,96,73,50
1776361189,decode_heavy,67,39.21,95,73,50
1776361190,decode_heavy,67,38.00,96,73,50
1776361191,decode_heavy,67,39.23,89,73,50
1776361192,decode_heavy,67,38.76,83,73,50
1776361194,decode_heavy,67,38.00,96,73,50
1776361195,decode_heavy,65,37.60,83,73,50
1776361196,decode_heavy,67,38.66,96,73,50
1776361197,decode_heavy,67,39.54,82,73,50
1776361198,decode_heavy,67,38.51,82,73,50
1776361199,decode_heavy,67,38.22,96,72,50
1776361201,decode_heavy,67,38.33,82,72,50
1776361202,decode_heavy,67,39.44,96,72,50
1776361203,decode_heavy,67,38.01,82,72,50
1776361204,decode_heavy,67,38.23,96,72,50
1776361205,decode_heavy,67,37.33,96,72,50
1776361206,decode_heavy,69,38.38,96,72,50
1776361208,decode_heavy,67,39.36,96,73,50
1776361209,decode_heavy,67,37.53,82,74,50
1776361210,decode_heavy,67,38.18,96,74,50
1776361211,decode_heavy,67,38.71,82,74,50
1776361212,decode_heavy,67,39.36,83,74,50
1776361214,decode_heavy,67,38.16,96,74,50
1776361215,decode_heavy,68,38.23,81,74,50
1776361216,decode_heavy,67,38.84,96,74,50
1776361217,decode_heavy,67,37.73,82,74,50
1776361218,decode_heavy,67,38.03,96,74,50
1776361219,decode_heavy,67,37.75,96,73,50
1776361221,decode_heavy,68,38.28,95,72,50
1776361222,decode_heavy,67,38.85,96,72,50
1776361223,decode_heavy,67,39.33,92,72,50
1776361224,decode_heavy,67,38.24,96,72,50
1776361225,decode_heavy,67,38.28,96,72,50
1776361227,decode_heavy,68,39.09,82,72,50
1776361228,decode_heavy,67,39.61,96,72,50
1776361229,decode_heavy,67,38.07,96,72,50
1776361230,decode_heavy,67,38.11,96,72,50
1776361231,decode_heavy,67,37.36,96,72,50
1776361233,decode_heavy,68,38.93,81,72,50
1776361234,decode_heavy,67,38.33,96,72,50
1776361235,decode_heavy,67,38.83,83,72,50
1776361236,decode_heavy,67,38.22,96,72,50
1776361237,decode_heavy,67,38.52,96,72,50
1776361239,decode_heavy,68,39.64,83,72,50
1776361240,decode_heavy,67,38.57,96,72,50
1776361241,decode_heavy,67,38.26,81,72,50
1776361242,decode_heavy,68,38.23,96,72,50
1776361243,decode_heavy,67,38.99,96,72,50
1776361245,decode_heavy,67,38.60,96,72,50
1776361246,decode_heavy,67,38.55,96,72,50
1776361247,decode_heavy,67,37.70,82,72,50
1776361248,decode_heavy,67,38.17,96,72,50
1776361249,decode_heavy,67,39.83,84,72,50
1776361250,decode_heavy,67,38.40,84,72,50
1776361252,decode_heavy,67,37.80,96,72,50
1776361253,decode_heavy,67,38.25,81,72,50
1776361254,decode_heavy,67,39.15,96,72,50
1776361255,decode_heavy,67,38.15,84,72,50
1776361256,decode_heavy,69,38.15,95,72,50
1776361258,decode_heavy,67,38.14,96,72,50
1776361259,decode_heavy,69,38.35,96,72,50
1776361260,decode_heavy,67,37.80,96,72,50
1776361261,decode_heavy,67,38.49,95,72,50
1776361262,decode_heavy,67,39.57,96,72,50
1776361264,decode_heavy,67,37.58,96,72,50
1776361265,decode_heavy,69,38.24,95,72,50
1776361266,decode_heavy,67,38.92,96,72,50
1776361267,decode_heavy,67,39.55,83,73,50
1776361268,decode_heavy,67,37.99,83,72,50
1776361269,decode_heavy,67,37.24,96,72,50
1776361271,decode_heavy,68,37.64,95,72,50
1776361272,decode_heavy,67,38.69,96,72,50
1776361273,decode_heavy,67,39.33,96,73,50
1776361274,decode_heavy,67,37.97,96,73,50
1776361275,decode_heavy,67,38.16,96,73,50
1776361277,decode_heavy,69,38.49,96,73,50
1776361278,decode_heavy,67,38.04,96,74,50
1776361279,decode_heavy,67,38.12,96,74,50
1776361280,decode_heavy,67,38.10,96,74,50
1776361281,decode_heavy,67,38.47,96,72,50
1776361282,decode_heavy,67,38.49,96,72,50
1776361284,decode_heavy,67,39.84,96,72,50
1776361285,decode_heavy,69,38.24,96,72,50
1776361286,decode_heavy,67,37.37,96,72,50
1776361287,decode_heavy,67,38.25,95,72,50
1776361288,decode_heavy,67,39.56,95,72,50
1776361290,decode_heavy,67,39.07,96,72,50
1776361291,decode_heavy,67,37.35,96,72,50
1776361292,decode_heavy,67,37.34,96,72,50
1776361293,decode_heavy,66,38.74,96,72,50
1776361294,decode_heavy,67,39.31,95,72,50
1776361295,decode_heavy,67,38.01,96,72,50
1776361297,decode_heavy,69,37.50,96,72,50
1776361298,decode_heavy,67,38.30,96,72,50
1776361299,decode_heavy,67,38.31,85,72,50
1776361300,decode_heavy,67,38.14,96,72,50
1776361301,decode_heavy,67,37.52,96,72,50
1776361303,decode_heavy,68,39.37,83,73,50
1776361304,decode_heavy,67,38.94,96,72,50
1776361305,decode_heavy,67,37.65,96,72,50
1776361306,decode_heavy,69,38.18,96,72,50
1776361307,decode_heavy,67,38.92,96,72,50
1776361309,decode_heavy,67,39.43,96,72,50
1776361310,decode_heavy,67,37.43,96,72,50
1776361311,decode_heavy,67,38.16,96,72,50
1776361312,decode_heavy,67,37.38,96,72,50
1776361313,decode_heavy,67,39.12,96,72,50
1776361315,decode_heavy,67,39.38,83,73,50
1776361316,decode_heavy,67,38.01,96,72,50
1776361317,decode_heavy,67,38.19,83,72,50
1776361318,decode_heavy,67,37.37,96,72,50
1776361319,decode_heavy,67,38.44,96,72,50
1776361320,decode_heavy,68,39.45,83,72,50
1776361322,decode_heavy,67,38.80,96,73,50
1776361323,decode_heavy,69,38.27,82,72,50
1776361324,decode_heavy,67,38.92,96,72,50
1776361325,decode_heavy,67,39.32,83,72,50
1776361326,decode_heavy,67,38.58,96,73,50
1776361328,decode_heavy,67,37.27,96,73,50
1776361329,decode_heavy,67,37.19,82,72,50
1776361330,decode_heavy,67,39.70,96,73,50
1776361331,decode_heavy,67,39.42,82,73,50
1776361332,decode_heavy,67,37.36,96,73,50
1776361333,decode_heavy,67,38.04,96,73,50
1776361335,decode_heavy,67,38.63,96,73,50
1776361336,decode_heavy,67,39.60,96,72,50
1776361337,decode_heavy,67,37.53,96,72,50
1776361338,decode_heavy,67,37.37,96,73,50
1776361339,decode_heavy,67,38.15,96,74,50
1776361341,decode_heavy,69,37.99,96,74,50
1776361342,decode_heavy,67,38.88,96,74,50
1776361343,decode_heavy,67,37.53,82,74,50
1776361344,decode_heavy,67,37.53,96,74,50
1776361345,decode_heavy,67,39.52,82,74,50
1776361346,decode_heavy,67,38.45,96,74,50
1776361348,decode_heavy,67,37.43,96,74,50
1776361349,decode_heavy,67,38.23,84,74,50
1776361350,decode_heavy,69,39.62,96,74,50
1776361351,decode_heavy,67,38.51,96,74,50
1776361352,decode_heavy,68,38.68,96,74,50
1776361354,decode_heavy,67,37.28,96,74,50
1776361355,decode_heavy,67,38.76,84,74,50
1776361356,decode_heavy,67,38.83,96,74,50
1776361357,decode_heavy,67,39.47,82,74,50
1776361358,decode_heavy,67,37.54,96,74,50
1776361359,decode_heavy,67,37.72,96,74,50
1776361361,decode_heavy,66,39.01,82,74,50
1776361362,decode_heavy,67,39.13,96,74,50
1776361363,decode_heavy,67,38.18,96,74,50
1776361364,decode_heavy,67,38.28,96,74,50
1776361365,decode_heavy,67,38.77,96,74,50
1776361367,decode_heavy,69,38.53,83,74,50
